participant_id,eye_color,rs12913832,rs1800407,rs12896399,rs16891982,rs1393350,rs12203592
hu016B28,brown,AG,CC,GT,GG,AG,CC
hu034DB1,green,GG,CC,GT,GG,GG,CC
hu05F442,blue,GG,CC,GT,GG,GG,CC
hu0C0779,brown,AG,CC,TT,GG,AG,CC
hu0C8573,brown,AG,CC,GT,GG,GG,CC
hu0E64A1,blue,GG,CC,TT,GG,GG,CC
hu101EF8,brown,AA,CC,GG,GG,GG,CT
hu117D1E,hazel,GG,CC,GT,GG,AG,CC
hu14262A,blue,GG,CC,TT,GG,AG,CC
hu17DFDB,blue,GG,CC,GT,GG,AG,CC
hu19C09F,blue,GG,CC,GT,GG,AG,CC
hu1BD549,brown,AA,CC,GT,GG,GG,CC
hu1EE386,blue,GG,CC,GG,GG,GG,CT
hu2BC187,brown,AG,CC,GT,GG,GG,CC
hu2D53F2,brown,AG,CC,GT,GG,GG,CT
hu30888B,brown,GG,CC,TT,CG,GG,CC
hu35389E,hazel,AG,CT,TT,GG,GG,CT
hu379AE4,green,GG,CC,GG,GG,GG,CC
hu3C0611,hazel,GG,CC,GG,GG,AG,CC
hu3CAB43,blue,GG,CT,GT,GG,AG,CC
hu4040B8,hazel,AG,CC,GT,GG,GG,CC
hu43860C,green,GG,,GT,GG,GG,CT
hu48C4EB,blue,GG,CC,GG,GG,GG,CT
hu4B11A3,brown,GG,CC,GG,CG,AG,CC
hu4B3CE7,brown,AA,CT,GG,GG,GG,CT
hu4BE6F2,hazel,GG,CC,GG,GG,AA,CT
hu4C3094,blue,GG,CC,GG,GG,AG,CT
hu4DE348,brown,GG,CC,GT,GG,GG,CT
hu53075C,brown,AG,CC,TT,GG,AG,CC
hu5A61B8,hazel,AG,CC,GT,CG,GG,CT
hu5AE862,brown,AG,CC,GT,GG,AG,CC
hu5D9DE3,green,GG,CC,GG,GG,GG,CC
hu5F0DCB,brown,AA,CC,GT,CC,GG,CC
hu5FF6B0,blue,GG,CT,GT,GG,AA,CC
hu60AB7C,hazel,AA,CC,GT,GG,GG,CC
hu627574,blue,GG,CC,GG,GG,AG,CT
hu665667,brown,AG,CT,TT,GG,GG,CT
hu6FECE9,brown,AG,CC,GT,GG,AG,CC
hu741459,gray,GG,CC,TT,GG,GG,CC
hu76CAA5,hazel,AG,CT,GT,GG,GG,CT
hu77CC58,hazel,AG,CC,GG,GG,GG,CC
hu7A2F1D,blue,GG,,GG,GG,AG,CT
hu7B4393,brown,GG,CC,GT,GG,AG,CC
hu7DE7FD,brown,AG,CT,GT,GG,GG,CT
hu81BCA8,green,GG,CC,TT,GG,AG,CC
hu868880,hazel,GG,CC,GG,GG,GG,CC
hu8B3865,brown,AG,CC,GG,CG,GG,CC
hu8B4E43,hazel,AG,CT,TT,GG,GG,CC
hu8D6607,blue,GG,CC,GT,GG,AG,CT
hu8D99F6,brown,AG,CC,GG,GG,GG,CC
huA33758,amber,AG,CC,GG,CG,AG,CC
huA55602,hazel,AG,CT,GT,GG,GG,CC
huA5B645,blue,GG,CC,GT,GG,AG,CC
huA720D3,brown,AG,CT,GT,GG,GG,CC
huA939D6,brown,AA,TT,GG,GG,AA,CC
huAC3640,brown,AG,CC,GG,GG,AG,CC
huAF3C63,brown,AG,CC,GT,GG,AG,CC
huB1488D,blue,GG,CC,GT,GG,GG,CC
huB63C0C,hazel,AG,CT,GT,GG,AG,CC
huB828CB,brown,AA,CC,GG,CC,AG,CC
huBE37B9,hazel,AG,CT,GT,GG,GG,CC
huC244BC,brown,AG,CC,GT,GG,AG,CT
huC434ED,blue,GG,CC,GG,GG,AA,CC
huD10FBC,green,GG,CC,GT,GG,AG,CT
huD57BBF,blue,GG,CC,TT,CG,GG,CT
huD85057,gray,GG,CC,GT,GG,GG,CT
huE86317,blue,AG,CT,TT,GG,GG,TT
huE9E383,hazel,AG,CT,GT,GG,AG,CC
huED0F40,brown,AG,CT,GT,GG,AG,CC
huEDF7DA,brown,AA,CC,TT,GG,AG,CC
huEFD2F0,brown,AG,CC,TT,GG,AG,CC
huF7E042,hazel,GG,CC,GG,CG,GG,CC
huFE71F3,hazel,GG,CC,GG,GG,GG,CC
huFF6AB4,hazel,GG,CC,GG,GG,GG,CC
