participant_id,sex,ethnicity_skin_color,genetic_data_status,eye_color,hair_color
hu005EB9,female,white,uploaded,brown,brown
hu016B28,male,white,uploaded,brown,black
hu034DB1,female,white,uploaded,green,blonde
hu0C0779,female,white,uploaded,brown,brown
hu0DEE68,male,white,uploaded,,
hu0E64A1,male,white,uploaded,blue,brown
hu101EF8,male,white,uploaded,brown,gray
hu1097B2,female,white,uploaded,green,blonde
hu1206C8,male,white,uploaded,brown,blonde
hu14262A,female,white,uploaded,blue,brown
hu15E54C,female,white,uploaded,hazel,brown
hu1A4F2E,female,hispanic_latino,uploaded,hazel,black
hu1BD549,female,white,uploaded,brown,brown
hu2BC187,male,white,uploaded,brown,brown
hu2D6140,female,white,uploaded,hazel,brown
hu351AF9,male,multiple,uploaded,brown,black
hu43860C,male,white,uploaded,green,white
hu448C4B,male,white,uploaded,blue,white
hu48C4EB,male,white,uploaded,blue,brown
hu4B3CE7,female,white,uploaded,brown,gray
hu4BE6F2,male,white,uploaded,hazel,brown
hu4C3094,female,white,uploaded,blue,brown
hu4DE348,female,white,uploaded,brown,white
hu53075C,female,white,uploaded,brown,gray
hu599905,male,white,uploaded,hazel,gray
hu5AE862,male,white,uploaded,brown,brown
hu5D9DE3,male,white,uploaded,green,blonde
hu5F0DCB,male,asian,uploaded,brown,black
hu5FF6B0,male,white,uploaded,blue,brown
hu60AB7C,male,white,uploaded,hazel,brown
hu627574,male,white,uploaded,blue,gray
hu665667,male,white,uploaded,brown,brown
hu6FECE9,male,white,uploaded,brown,brown
hu7123C1,male,white,uploaded,blue,gray
hu72A81D,female,white,uploaded,brown,brown
hu76CAA5,male,white,uploaded,hazel,gray
hu7A2F1D,male,white,uploaded,blue,blonde
hu7B4393,male,white,uploaded,brown,blonde
hu7DE7FD,female,white,uploaded,brown,brown
hu81BCA8,female,white,uploaded,green,brown
hu868880,female,white,uploaded,hazel,red
hu8B3865,female,white,uploaded,brown,red
hu8D6607,female,white,uploaded,blue,brown
huA5B645,male,white,uploaded,blue,brown
huA720D3,male,white,uploaded,brown,brown
huAC3640,female,white,uploaded,brown,brown
huAF3C63,female,multiple,uploaded,brown,black
huB63C0C,male,white,uploaded,hazel,brown
huB828CB,male,asian,uploaded,brown,black
huC3160A,male,white,uploaded,brown,brown
huC434ED,male,white,uploaded,blue,brown
huCD25E9,male,multiple,uploaded,hazel,brown
huD0D79A,male,white,uploaded,hazel,brown
huD10FBC,male,white,uploaded,green,brown
huD57BBF,male,white,uploaded,blue,brown
huD7960A,male,white,uploaded,brown,brown
huD85057,male,white,uploaded,gray,blonde
huE86317,male,white,uploaded,blue,gray
huE9E383,male,white,uploaded,hazel,brown
huED0F40,male,white,uploaded,brown,brown
huEDF7DA,female,white,uploaded,brown,brown
huFE71F3,male,white,uploaded,hazel,red
huFF6AB4,female,white,uploaded,hazel,blonde
