participant_id,hair_color,rs12913832,rs1800407,rs12896399,rs16891982,rs1393350,rs12203592,rs1805007,rs1805008,rs1805009,rs11547464,rs885479,rs2228479,rs1110400,rs1805006,rs1805005,rs312262906,rs1042602,rs28777,rs2402130,rs12821256,rs683,rs2378249
hu016B28,Black,AG,CC,GT,GG,AG,CC,CC,CC,,GG,GG,GG,TT,CC,GT,,AC,AA,AA,TT,AC,AA
hu034DB1,Blond,GG,CC,GT,GG,GG,CC,CC,CT,,GG,GG,AG,TT,CC,GG,,CC,AA,AA,TT,AA,AA
hu0C0779,Brown,AG,CC,TT,GG,AG,CC,CT,CC,,GG,GG,AG,TT,CC,GG,,AC,AA,AA,TT,AA,AA
hu0C8573,Brown,AG,CC,GT,GG,GG,CC,CC,CT,,GG,GG,GG,TT,CC,GG,,AC,AA,AA,TT,AC,AA
hu0E64A1,Brown,GG,CC,TT,GG,GG,CC,CC,CC,,GG,GG,GG,TT,CC,GG,,AC,AA,AA,TT,AC,AA
hu117D1E,Brown,GG,CC,GT,GG,AG,CC,CC,CT,,GG,GG,GG,TT,CC,GG,,CC,AA,AA,TT,AC,AA
hu14262A,Brown,GG,CC,TT,GG,AG,CC,CC,CC,,GG,AG,AG,TT,CC,GG,,CC,AA,AA,TT,AC,GG
hu17DFDB,Brown,GG,CC,GT,GG,AG,CC,CC,CC,,GG,GG,AG,TT,CC,GG,,CC,AA,AA,TT,AC,AA
hu1BD549,Brown,AA,CC,GT,GG,GG,CC,CC,CC,,GG,GG,GG,TT,CC,GG,,AC,AA,AA,TT,AA,AA
hu1EE386,Brown,GG,CC,GG,GG,GG,CT,CC,CT,,GG,GG,GG,TT,CC,GG,,CC,AA,AG,TT,AA,AG
hu2BC187,Brown,AG,CC,GT,GG,GG,CC,CT,CC,,GG,GG,GG,TT,CC,GG,,AC,AA,AG,TT,AC,AA
hu2D53F2,Brown,AG,CC,GT,GG,GG,CT,CC,CC,,GG,GG,GG,TT,CC,GG,,AC,AA,AA,CT,AC,AA
hu30888B,Brown,GG,CC,TT,CG,GG,CC,CT,CC,,GG,GG,AG,TT,CC,GG,,AC,AC,AA,TT,CC,AA
hu35389E,Brown,AG,CT,TT,GG,GG,CT,CC,CC,,GG,GG,GG,TT,CC,GG,,CC,AA,AA,TT,AA,AG
hu379AE4,Brown,GG,CC,GG,GG,GG,CC,CC,CC,,GG,GG,GG,TT,CC,GG,,CC,AA,AA,CT,AC,AG
hu3C0611,Brown,GG,CC,GG,GG,AG,CC,CC,CC,,GG,GG,GG,TT,CC,GG,,AC,AA,AA,TT,AC,AG
hu3CAB43,Blond,GG,CT,GT,GG,AG,CC,CC,CC,,GG,GG,GG,TT,CC,GG,,AC,AA,AA,CC,AA,AA
hu4040B8,Brown,AG,CC,GT,GG,GG,CC,CT,CC,,GG,GG,AG,TT,CC,GG,,CC,AA,AG,TT,AC,AA
hu48C4EB,Brown,GG,CC,GG,GG,GG,CT,CC,CC,,GG,GG,GG,TT,CC,GG,,CC,AA,AG,TT,AC,AG
hu4B11A3,Brown,GG,CC,GG,CG,AG,CC,CC,CC,,GG,GG,GG,CT,CC,GG,,CC,AC,AG,CT,AC,AA
hu4BE6F2,Brown,GG,CC,GG,GG,AA,CT,CC,CC,,GG,GG,GG,TT,CC,GG,,CC,AA,AA,CT,AA,AA
hu4C3094,Brown,GG,CC,GG,GG,AG,CT,CC,CC,,GG,GG,GG,TT,CC,GT,,AC,AA,AA,CT,AA,AG
hu5A61B8,Brown,AG,CC,GT,CG,GG,CT,CC,CC,,GG,GG,AG,TT,CC,GG,,AA,AC,AA,CT,AC,AA
hu5AE862,Brown,AG,CC,GT,GG,AG,CC,CC,CC,,GG,AG,GG,TT,CC,GG,,AC,AA,AA,TT,AA,AA
hu5D9DE3,Blond,GG,CC,GG,GG,GG,CC,CC,CC,,GG,GG,GG,TT,CC,GG,,AA,AA,AG,TT,CC,AA
hu5F0DCB,Black,AA,CC,GT,CC,GG,CC,CC,CC,,GG,AA,GG,TT,CC,GG,,CC,CC,AA,TT,CC,AA
hu5FF6B0,Brown,GG,CT,GT,GG,AA,CC,CC,CC,,GG,GG,GG,TT,CC,GG,,CC,AA,AG,TT,AC,AA
hu60AB7C,Brown,AA,CC,GT,GG,GG,CC,CC,CC,,GG,GG,AG,TT,CC,GG,,CC,AA,AA,TT,AC,AA
hu665667,Brown,AG,CT,TT,GG,GG,CT,CC,CC,,GG,GG,GG,TT,CC,GG,,CC,AA,AA,TT,AC,AA
hu6FECE9,Brown,AG,CC,GT,GG,AG,CC,CC,CC,,GG,AG,GG,TT,CC,GG,,CC,AA,AG,TT,AA,AA
hu741459,Blond,GG,CC,TT,GG,GG,CC,CT,CC,,GG,GG,GG,TT,CC,GG,,AC,AA,AA,TT,AA,AG
hu77CC58,Brown,AG,CC,GG,GG,GG,CC,CC,CC,,GG,GG,GG,TT,CC,GG,,CC,AA,AG,TT,AA,AA
hu7B4393,Blond,GG,CC,GT,GG,AG,CC,CC,CC,,GG,GG,AG,TT,CC,GG,,AC,AA,AA,TT,CC,AA
hu7DE7FD,Brown,AG,CT,GT,GG,GG,CT,CC,CC,,GG,GG,GG,TT,CC,GT,,AC,AA,AA,TT,AC,AA
hu81BCA8,Brown,GG,CC,TT,GG,AG,CC,CC,CC,,GG,GG,GG,TT,CC,GG,,CC,AA,AA,TT,AA,AA
hu868880,Red,GG,CC,GG,GG,GG,CC,CC,CC,,GG,GG,GG,TT,CC,GT,,CC,AA,AA,TT,AA,AG
hu8B3865,Red,AG,CC,GG,CG,GG,CC,CC,CT,,GG,GG,GG,TT,CC,GG,,AA,AA,AA,CT,AA,AA
hu8B4E43,Brown,AG,CT,TT,GG,GG,CC,CC,CC,,GG,GG,GG,TT,CC,GT,,CC,AA,AA,TT,AC,AA
hu8D6607,Brown,GG,CC,GT,GG,AG,CT,CC,CC,,GG,GG,GG,TT,CC,GG,,CC,AA,AG,TT,AA,AA
hu8D99F6,Brown,AG,CC,GG,GG,GG,CC,CC,CC,,GG,GG,GG,TT,CC,GT,,AA,AA,AG,TT,AC,AA
huA33758,Brown,AG,CC,GG,CG,AG,CC,CC,CT,,GG,GG,GG,TT,CC,GG,,AC,AC,AA,TT,AA,AA
huA55602,Brown,AG,CT,GT,GG,GG,CC,CC,CT,,GG,GG,GG,TT,CC,GG,,CC,AA,AA,TT,AA,AG
huA5B645,Brown,GG,CC,GT,GG,AG,CC,CC,CC,,GG,GG,GG,TT,CC,GG,,CC,AA,AA,TT,AC,AA
huA720D3,Brown,AG,CT,GT,GG,GG,CC,CC,CC,,GG,GG,GG,TT,CC,GG,,CC,AA,AA,CT,CC,AG
huA939D6,Brown,AA,TT,GG,GG,AA,CC,CC,CC,,GG,GG,GG,TT,CC,GG,,CC,AA,AA,TT,AC,AG
huAC3640,Brown,AG,CC,GG,GG,AG,CC,CT,CC,,GG,GG,AG,TT,CC,GG,,CC,AA,AA,TT,AA,AA
huAF3C63,Black,AG,CC,GT,GG,AG,CC,CC,CC,,GG,GG,GG,TT,CC,GG,,CC,AA,AA,TT,AA,AA
huB1488D,Brown,GG,CC,GT,GG,GG,CC,CC,CC,GG,GG,GG,GG,TT,CC,TT,,AA,AA,AG,TT,AA,AA
huB63C0C,Brown,AG,CT,GT,GG,AG,CC,CC,CC,,GG,GG,GG,TT,CC,GT,,CC,AA,AG,TT,AC,AG
huB828CB,Black,AA,CC,GG,CC,AG,CC,CC,CC,,GG,GG,GG,TT,CC,GG,,CC,CC,AA,TT,CC,GG
huBE37B9,Brown,AG,CT,GT,GG,GG,CC,CC,CC,,GG,GG,GG,TT,CC,GT,,AC,AA,AG,TT,AA,AA
huC434ED,Brown,GG,CC,GG,GG,AA,CC,CC,CC,,GG,GG,GG,TT,CC,GT,,CC,AA,AA,CT,AC,AG
huD10FBC,Brown,GG,CC,GT,GG,AG,CT,CT,CC,,GG,AG,GG,TT,CC,GG,,AC,AA,AG,TT,AC,AG
huD57BBF,Brown,GG,CC,TT,CG,GG,CT,CT,CC,,GG,GG,GG,TT,CC,GG,,CC,AC,AA,TT,AA,AA
huD85057,Blond,GG,CC,GT,GG,GG,CT,CT,CC,,GG,GG,GG,TT,CC,GG,,CC,AA,AA,TT,AA,AG
huE9E383,Brown,AG,CT,GT,GG,AG,CC,CC,CC,,GG,GG,AG,TT,CC,GG,,AC,AA,AG,TT,AC,AA
huED0F40,Brown,AG,CT,GT,GG,AG,CC,CC,CC,,GG,GG,GG,TT,CC,GT,,CC,AA,AA,TT,AA,AA
huEDF7DA,Brown,AA,CC,TT,GG,AG,CC,CC,CC,,GG,GG,GG,TT,CC,GT,,AC,AA,AA,TT,AA,AG
huEFD2F0,Brown,AG,CC,TT,GG,AG,CC,CC,CC,,GG,GG,GG,TT,CC,GG,,AC,AA,AA,TT,CC,AG
huF7E042,Brown,GG,CC,GG,CG,GG,CC,CC,CC,,GG,GG,GG,TT,AC,GG,,AC,AC,AG,TT,AA,GG
huFE71F3,Red,GG,CC,GG,GG,GG,CC,CC,CC,,GG,GG,GG,TT,CC,GG,,CC,AA,AG,TT,AC,AA
huFF6AB4,Blond,GG,CC,GG,GG,GG,CC,CC,CC,,GG,GG,AG,TT,CC,GG,,AA,AA,GG,CT,AA,AA
