participant_id,file_type,parse_success,eye_snps_present,hair_snps_present,skin_snps_present,rs12913832_present
hu005EB9,FamilyTreeDNA,False,0,0,0,False
hu016B28,23andMe,True,6,20,19,True
hu034DB1,23andMe,True,6,20,19,True
hu05F442,23andMe,True,6,20,19,True
hu094BE5,VCF,True,3,8,7,False
hu0C0779,23andMe,True,6,20,19,True
hu0C8573,23andMe,True,6,20,19,True
hu0DEE68,23andMe,True,6,20,19,True
hu0E64A1,23andMe,True,6,20,19,True
hu101EF8,23andMe,True,6,20,19,True
hu117D1E,23andMe,True,6,20,19,True
hu14262A,23andMe,True,6,20,19,True
hu15E54C,AncestryDNA,True,4,15,14,True
hu17DFDB,23andMe,True,6,20,19,True
hu19C09F,23andMe,True,6,20,19,True
hu1BD549,23andMe,True,6,20,19,True
hu1EE386,23andMe,True,6,20,19,True
hu26B551,FamilyTreeDNA,True,1,9,10,False
hu28DA07,23andMe,True,0,0,0,False
hu2BC187,23andMe,True,6,20,19,True
hu2D53F2,23andMe,True,6,20,19,True
hu2FEC01,23andMe,True,2,3,2,False
hu30888B,23andMe,True,6,20,19,True
hu35389E,23andMe,True,6,20,19,True
hu379AE4,23andMe,True,6,20,19,True
hu3C0611,23andMe,True,6,20,19,True
hu3CAB43,23andMe,True,6,20,19,True
hu4040B8,23andMe,True,6,20,19,True
hu43860C,23andMe,True,5,17,16,True
hu448C4B,23andMe,True,0,0,0,False
hu48C4EB,23andMe,True,6,20,19,True
hu4B11A3,23andMe,True,6,20,19,True
hu4B3CE7,23andMe,True,6,20,19,True
hu4BE6F2,23andMe,True,6,20,19,True
hu4C3094,23andMe,True,6,20,19,True
hu4DE348,23andMe,True,6,20,19,True
hu53075C,23andMe,True,6,20,19,True
hu599905,FamilyTreeDNA,True,1,9,10,False
hu5A61B8,23andMe,True,6,20,19,True
hu5AE862,23andMe,True,6,20,19,True
hu5D9DE3,23andMe,True,6,20,19,True
hu5F0DCB,23andMe,True,6,20,19,True
hu5FF6B0,23andMe,True,6,20,19,True
hu60AB7C,23andMe,True,6,20,19,True
hu627574,23andMe,True,6,20,19,True
hu665667,23andMe,True,6,20,19,True
hu68B66A,FamilyTreeDNA,True,1,9,10,False
hu6FECE9,23andMe,True,6,20,19,True
hu7123C1,FamilyTreeDNA,True,0,0,0,False
hu741459,23andMe,True,6,20,19,True
hu76CAA5,23andMe,True,6,20,19,True
hu77CC58,23andMe,True,6,20,19,True
hu7A2F1D,23andMe,True,5,17,16,True
hu7B4393,23andMe,True,6,20,19,True
hu7DE7FD,23andMe,True,6,20,19,True
hu81BCA8,23andMe,True,6,20,19,True
hu868880,23andMe,True,6,20,19,True
hu8B3865,23andMe,True,6,20,19,True
hu8B4E43,23andMe,True,6,20,19,True
hu8D6607,23andMe,True,6,20,19,True
hu8D99F6,23andMe,True,6,20,19,True
huA33758,23andMe,True,6,20,19,True
huA55602,23andMe,True,6,20,19,True
huA5B645,23andMe,True,6,20,19,True
huA720D3,23andMe,True,6,20,19,True
huA939D6,FamilyTreeDNA,True,6,20,19,True
huAC3640,23andMe,True,6,20,19,True
huAF3C63,23andMe,True,6,20,19,True
huB1488D,23andMe,True,6,21,20,True
huB63C0C,23andMe,True,6,20,19,True
huB828CB,23andMe,True,6,20,19,True
huBA62D9,FamilyTreeDNA,True,0,0,0,False
huBE37B9,23andMe,True,6,20,19,True
huC244BC,23andMe,True,6,20,19,True
huC434ED,23andMe,True,6,20,19,True
huD10FBC,23andMe,True,6,20,19,True
huD57BBF,23andMe,True,6,20,19,True
huD7960A,23andMe,True,0,0,0,False
huD85057,23andMe,True,6,20,19,True
huE5A9A3,VCF,False,0,0,0,False
huE86317,23andMe,True,6,20,19,True
huE9E383,23andMe,True,6,20,19,True
huED0F40,23andMe,True,6,20,19,True
huEDF7DA,23andMe,True,6,20,19,True
huEFD2F0,23andMe,True,6,20,19,True
huF7E042,23andMe,True,6,20,19,True
huFE71F3,23andMe,True,6,20,19,True
huFF6AB4,23andMe,True,6,20,19,True
