participant_id,skin_color,rs12913832,rs1800407,rs12896399,rs16891982,rs1393350,rs12203592,rs1805007,rs1805008,rs1805009,rs11547464,rs885479,rs2228479,rs1110400,rs1805006,rs1805005,rs1042602,rs28777,rs2402130,rs683,rs1426654
hu016B28,white,AG,CC,GT,GG,AG,CC,CC,CC,,GG,GG,GG,TT,CC,GT,AC,AA,AA,AC,AA
hu034DB1,white,GG,CC,GT,GG,GG,CC,CC,CT,,GG,GG,AG,TT,CC,GG,CC,AA,AA,AA,AA
hu05F442,white,GG,CC,GT,GG,GG,CC,CC,CC,,GG,GG,GG,TT,CC,GG,AA,AA,AA,CC,AA
hu0C0779,white,AG,CC,TT,GG,AG,CC,CT,CC,,GG,GG,AG,TT,CC,GG,AC,AA,AA,AA,AA
hu0C8573,white,AG,CC,GT,GG,GG,CC,CC,CT,,GG,GG,GG,TT,CC,GG,AC,AA,AA,AC,AA
hu0DEE68,white,GG,CC,GT,GG,GG,CC,CC,CT,,GG,GG,GG,TT,CC,GT,AA,AA,AA,CC,AA
hu0E64A1,white,GG,CC,TT,GG,GG,CC,CC,CC,,GG,GG,GG,TT,CC,GG,AC,AA,AA,AC,AA
hu101EF8,white,AA,CC,GG,GG,GG,CT,CC,CC,,GG,GG,GG,TT,CC,GG,AC,AA,AA,AA,AA
hu117D1E,white,GG,CC,GT,GG,AG,CC,CC,CT,,GG,GG,GG,TT,CC,GG,CC,AA,AA,AC,AA
hu14262A,white,GG,CC,TT,GG,AG,CC,CC,CC,,GG,AG,AG,TT,CC,GG,CC,AA,AA,AC,AA
hu17DFDB,white,GG,CC,GT,GG,AG,CC,CC,CC,,GG,GG,AG,TT,CC,GG,CC,AA,AA,AC,AA
hu19C09F,white,GG,CC,GT,GG,AG,CC,CC,CC,,GG,AG,AG,TT,CC,GG,AC,AA,AA,CC,AA
hu1BD549,white,AA,CC,GT,GG,GG,CC,CC,CC,,GG,GG,GG,TT,CC,GG,AC,AA,AA,AA,AA
hu1EE386,white,GG,CC,GG,GG,GG,CT,CC,CT,,GG,GG,GG,TT,CC,GG,CC,AA,AG,AA,AA
hu2BC187,white,AG,CC,GT,GG,GG,CC,CT,CC,,GG,GG,GG,TT,CC,GG,AC,AA,AG,AC,AA
hu2D53F2,white,AG,CC,GT,GG,GG,CT,CC,CC,,GG,GG,GG,TT,CC,GG,AC,AA,AA,AC,AA
hu30888B,white,GG,CC,TT,CG,GG,CC,CT,CC,,GG,GG,AG,TT,CC,GG,AC,AC,AA,CC,AA
hu35389E,white,AG,CT,TT,GG,GG,CT,CC,CC,,GG,GG,GG,TT,CC,GG,CC,AA,AA,AA,AA
hu379AE4,white,GG,CC,GG,GG,GG,CC,CC,CC,,GG,GG,GG,TT,CC,GG,CC,AA,AA,AC,AA
hu3C0611,white,GG,CC,GG,GG,AG,CC,CC,CC,,GG,GG,GG,TT,CC,GG,AC,AA,AA,AC,AA
hu3CAB43,white,GG,CT,GT,GG,AG,CC,CC,CC,,GG,GG,GG,TT,CC,GG,AC,AA,AA,AA,AA
hu4040B8,white,AG,CC,GT,GG,GG,CC,CT,CC,,GG,GG,AG,TT,CC,GG,CC,AA,AG,AC,AA
hu43860C,white,GG,,GT,GG,GG,CT,--,CC,,,GG,GG,TT,CC,GT,AA,,AA,AA,AA
hu48C4EB,white,GG,CC,GG,GG,GG,CT,CC,CC,,GG,GG,GG,TT,CC,GG,CC,AA,AG,AC,AA
hu4B11A3,white,GG,CC,GG,CG,AG,CC,CC,CC,,GG,GG,GG,CT,CC,GG,CC,AC,AG,AC,AA
hu4B3CE7,white,AA,CT,GG,GG,GG,CT,CC,CC,,AG,GG,AG,TT,CC,GG,AC,AA,GG,CC,AA
hu4BE6F2,white,GG,CC,GG,GG,AA,CT,CC,CC,,GG,GG,GG,TT,CC,GG,CC,AA,AA,AA,AA
hu4C3094,white,GG,CC,GG,GG,AG,CT,CC,CC,,GG,GG,GG,TT,CC,GT,AC,AA,AA,AA,AA
hu4DE348,white,GG,CC,GT,GG,GG,CT,CC,CC,,GG,GG,GG,TT,CC,GT,AC,AA,AA,AC,AA
hu53075C,white,AG,CC,TT,GG,AG,CC,CC,CC,,GG,GG,GG,TT,CC,GG,CC,AA,AA,CC,AA
hu5A61B8,white,AG,CC,GT,CG,GG,CT,CC,CC,,GG,GG,AG,TT,CC,GG,AA,AC,AA,AC,AA
hu5AE862,white,AG,CC,GT,GG,AG,CC,CC,CC,,GG,AG,GG,TT,CC,GG,AC,AA,AA,AA,AA
hu5D9DE3,white,GG,CC,GG,GG,GG,CC,CC,CC,,GG,GG,GG,TT,CC,GG,AA,AA,AG,CC,AA
hu5F0DCB,asian,AA,CC,GT,CC,GG,CC,CC,CC,,GG,AA,GG,TT,CC,GG,CC,CC,AA,CC,GG
hu5FF6B0,white,GG,CT,GT,GG,AA,CC,CC,CC,,GG,GG,GG,TT,CC,GG,CC,AA,AG,AC,AA
hu60AB7C,white,AA,CC,GT,GG,GG,CC,CC,CC,,GG,GG,AG,TT,CC,GG,CC,AA,AA,AC,AA
hu627574,white,GG,CC,GG,GG,AG,CT,CC,CC,,GG,GG,GG,TT,CC,GG,CC,AA,AA,AA,AA
hu665667,white,AG,CT,TT,GG,GG,CT,CC,CC,,GG,GG,GG,TT,CC,GG,CC,AA,AA,AC,AA
hu6FECE9,white,AG,CC,GT,GG,AG,CC,CC,CC,,GG,AG,GG,TT,CC,GG,CC,AA,AG,AA,AA
hu741459,white,GG,CC,TT,GG,GG,CC,CT,CC,,GG,GG,GG,TT,CC,GG,AC,AA,AA,AA,AA
hu76CAA5,white,AG,CT,GT,GG,GG,CT,CC,CC,,GG,GG,GG,TT,CC,GG,CC,AA,AG,AC,AA
hu77CC58,white,AG,CC,GG,GG,GG,CC,CC,CC,,GG,GG,GG,TT,CC,GG,CC,AA,AG,AA,AA
hu7A2F1D,white,GG,,GG,GG,AG,CT,CC,CC,,,GG,GG,TT,AC,GG,CC,,AG,AA,AA
hu7B4393,white,GG,CC,GT,GG,AG,CC,CC,CC,,GG,GG,AG,TT,CC,GG,AC,AA,AA,CC,AA
hu7DE7FD,white,AG,CT,GT,GG,GG,CT,CC,CC,,GG,GG,GG,TT,CC,GT,AC,AA,AA,AC,AA
hu81BCA8,white,GG,CC,TT,GG,AG,CC,CC,CC,,GG,GG,GG,TT,CC,GG,CC,AA,AA,AA,AA
hu868880,white,GG,CC,GG,GG,GG,CC,CC,CC,,GG,GG,GG,TT,CC,GT,CC,AA,AA,AA,AA
hu8B3865,white,AG,CC,GG,CG,GG,CC,CC,CT,,GG,GG,GG,TT,CC,GG,AA,AA,AA,AA,AA
hu8B4E43,white,AG,CT,TT,GG,GG,CC,CC,CC,,GG,GG,GG,TT,CC,GT,CC,AA,AA,AC,AA
hu8D6607,white,GG,CC,GT,GG,AG,CT,CC,CC,,GG,GG,GG,TT,CC,GG,CC,AA,AG,AA,AA
hu8D99F6,white,AG,CC,GG,GG,GG,CC,CC,CC,,GG,GG,GG,TT,CC,GT,AA,AA,AG,AC,AA
huA33758,multiple,AG,CC,GG,CG,AG,CC,CC,CT,,GG,GG,GG,TT,CC,GG,AC,AC,AA,AA,AA
huA55602,multiple,AG,CT,GT,GG,GG,CC,CC,CT,,GG,GG,GG,TT,CC,GG,CC,AA,AA,AA,AA
huA5B645,white,GG,CC,GT,GG,AG,CC,CC,CC,,GG,GG,GG,TT,CC,GG,CC,AA,AA,AC,AA
huA720D3,white,AG,CT,GT,GG,GG,CC,CC,CC,,GG,GG,GG,TT,CC,GG,CC,AA,AA,CC,AA
huA939D6,white,AA,TT,GG,GG,AA,CC,CC,CC,,GG,GG,GG,TT,CC,GG,CC,AA,AA,AC,AA
huAC3640,white,AG,CC,GG,GG,AG,CC,CT,CC,,GG,GG,AG,TT,CC,GG,CC,AA,AA,AA,AA
huAF3C63,multiple,AG,CC,GT,GG,AG,CC,CC,CC,,GG,GG,GG,TT,CC,GG,CC,AA,AA,AA,AA
huB1488D,white,GG,CC,GT,GG,GG,CC,CC,CC,GG,GG,GG,GG,TT,CC,TT,AA,AA,AG,AA,AA
huB63C0C,white,AG,CT,GT,GG,AG,CC,CC,CC,,GG,GG,GG,TT,CC,GT,CC,AA,AG,AC,AA
huB828CB,asian,AA,CC,GG,CC,AG,CC,CC,CC,,GG,GG,GG,TT,CC,GG,CC,CC,AA,CC,AA
huBE37B9,white,AG,CT,GT,GG,GG,CC,CC,CC,,GG,GG,GG,TT,CC,GT,AC,AA,AG,AA,AA
huC244BC,white,AG,CC,GT,GG,AG,CT,CC,CC,,GG,AG,GG,TT,CC,GG,CC,AA,AG,AA,AA
huC434ED,white,GG,CC,GG,GG,AA,CC,CC,CC,,GG,GG,GG,TT,CC,GT,CC,AA,AA,AC,AA
huD10FBC,white,GG,CC,GT,GG,AG,CT,CT,CC,,GG,AG,GG,TT,CC,GG,AC,AA,AG,AC,AA
huD57BBF,white,GG,CC,TT,CG,GG,CT,CT,CC,,GG,GG,GG,TT,CC,GG,CC,AC,AA,AA,AA
huD85057,white,GG,CC,GT,GG,GG,CT,CT,CC,,GG,GG,GG,TT,CC,GG,CC,AA,AA,AA,AA
huE86317,white,AG,CT,TT,GG,GG,TT,CC,CC,,AG,GG,GG,TT,CC,GT,AC,AA,AA,AA,AA
huE9E383,white,AG,CT,GT,GG,AG,CC,CC,CC,,GG,GG,AG,TT,CC,GG,AC,AA,AG,AC,AA
huED0F40,white,AG,CT,GT,GG,AG,CC,CC,CC,,GG,GG,GG,TT,CC,GT,CC,AA,AA,AA,AA
huEDF7DA,white,AA,CC,TT,GG,AG,CC,CC,CC,,GG,GG,GG,TT,CC,GT,AC,AA,AA,AA,AA
huEFD2F0,multiple,AG,CC,TT,GG,AG,CC,CC,CC,,GG,GG,GG,TT,CC,GG,AC,AA,AA,CC,AA
huF7E042,white,GG,CC,GG,CG,GG,CC,CC,CC,,GG,GG,GG,TT,AC,GG,AC,AC,AG,AA,AA
huFE71F3,white,GG,CC,GG,GG,GG,CC,CC,CC,,GG,GG,GG,TT,CC,GG,CC,AA,AG,AC,AA
huFF6AB4,white,GG,CC,GG,GG,GG,CC,CC,CC,,GG,GG,AG,TT,CC,GG,AA,AA,GG,AA,AA
